,title,release_year,category_id,name_actor
0,ACADEMY DINOSAUR,2006,6,"PENELOPE GUINESS, CHRISTIAN GABLE, LUCILLE TRACY, SANDRA PECK"
1,ACE GOLDFINGER,2006,11,BOB FAWCETT
2,ADAPTATION HOLES,2006,6,"NICK WAHLBERG, BOB FAWCETT, CAMERON STREEP"
3,AGENT TRUMAN,2006,9,"KIRSTEN PALTROW, SANDRA KILMER"
4,ALABAMA DEVIL,2006,11,"CHRISTIAN GABLE, ELVIS MARX, RIP CRAWFORD"
5,ALADDIN CALENDAR,2006,15,"ALEC WAYNE, JUDY DEAN, VAL BOLGER"
6,ALASKA PHANTOM,2006,12,VAL BOLGER
7,ALICE FANTASIA,2006,4,WOODY HOFFMAN
8,ALIEN CENTER,2006,9,BURT DUKAKIS
9,ALLEY EVOLUTION,2006,9,KARL BERRY
10,ALONE TRIP,2006,12,"ED CHASE, KARL BERRY, UMA WOOD"
11,AMADEUS HOLY,2006,1,"JOHNNY LOLLOBRIGIDA, JULIA MCQUEEN, VAL BOLGER"
12,AMERICAN CIRCUS,2006,1,"KEVIN BLOOM, RIP CRAWFORD"
13,ANACONDA CONFESSIONS,2006,2,"PENELOPE GUINESS, JENNIFER DAVIS, ELVIS MARX"
14,ANALYZE HOOSIERS,2006,11,TOM MCKELLEN
15,ANGELS LIFE,2006,13,"PENELOPE GUINESS, JENNIFER DAVIS, GRACE MOSTEL"
16,ANONYMOUS HUMAN,2006,15,GRACE MOSTEL
17,ANTITRUST TOMATOES,2006,1,"BETTE NICHOLSON, UMA WOOD"
18,ANYTHING SAVANNAH,2006,11,JOE SWANK
19,APACHE DIVINE,2006,8,"NICK WAHLBERG, CUBA OLIVIER"
20,ARABIA DOGMA,2006,11,"KARL BERRY, RIP CRAWFORD, JULIA MCQUEEN"
21,ARACHNOPHOBIA ROLLERCOASTER,2006,11,"GRACE MOSTEL, JUDY DEAN"
22,ARIZONA BANG,2006,4,KARL BERRY
23,ARMY FLINTSTONES,2006,6,ED CHASE
24,ARTIST COLDBLOODED,2006,15,"ED CHASE, SANDRA KILMER"
25,ATLANTIS CAUSE,2006,8,"WOODY HOFFMAN, AUDREY OLIVIER"
26,ATTACKS HATE,2006,14,DAN TORN
27,ATTRACTION NEWTON,2006,13,UMA WOOD
28,BABY HALL,2006,9,"NICK WAHLBERG, MATTHEW JOHANSSON"
29,BALLROOM MOCKINGBIRD,2006,9,JUDY DEAN
30,BANG KWAI,2006,8,"BETTE NICHOLSON, SANDRA PECK"
31,BANGER PINOCCHIO,2006,12,"JOHNNY LOLLOBRIGIDA, LUCILLE TRACY"
32,BAREFOOT MANCHURIAN,2006,1,"JENNIFER DAVIS, ELVIS MARX, MILLA PECK"
33,BEACH HEARTBREAKERS,2006,6,WOODY HOFFMAN
34,BEAST HUNCHBACK,2006,4,BETTE NICHOLSON
35,BED HIGHBALL,2006,6,JENNIFER DAVIS
36,BEDAZZLED MARRIED,2006,8,LUCILLE TRACY
37,BEETHOVEN EXORCIST,2006,7,SANDRA PECK
38,BEHAVIOR RUNAWAY,2006,11,TIM HACKMAN
39,BERETS AGENT,2006,1,GRACE MOSTEL
40,BEVERLY OUTLAW,2006,14,SANDRA PECK
41,BIKINI BORROWERS,2006,2,BETTE NICHOLSON
42,BILKO ANONYMOUS,2006,8,GOLDIE BRODY
43,BINGO TALENTED,2006,14,GOLDIE BRODY
44,BIRCH ANTITRUST,2006,12,"JOE SWANK, WOODY HOFFMAN"
45,BIRDS PERDITION,2006,13,SANDRA PECK
46,BLACKOUT PRIVATE,2006,2,SANDRA KILMER
47,BLADE POLISH,2006,7,"JENNIFER DAVIS, ALEC WAYNE"
48,BLANKET BEVERLY,2006,8,FRED COSTNER
49,BLINDNESS GUN,2006,14,BURT DUKAKIS
50,BLUES INSTINCT,2006,8,CAMERON STREEP
51,BOILED DARES,2006,16,"DAN TORN, TIM HACKMAN"
52,BONNIE HOLOCAUST,2006,6,"JOHNNY LOLLOBRIGIDA, JULIA MCQUEEN"
53,BOOGIE AMELIE,2006,12,KEVIN BLOOM
54,BOONDOCK BALLROOM,2006,16,"ED CHASE, JENNIFER DAVIS, UMA WOOD, FRED COSTNER, KIRSTEN PALTROW, SANDRA PECK"
55,BORN SPINAL,2006,16,"KIRSTEN PALTROW, SISSY SOBIESKI"
56,BORROWERS BEDAZZLED,2006,2,"CUBA OLIVIER, ELVIS MARX"
57,BOULEVARD MOB,2006,13,"RIP CRAWFORD, AUDREY OLIVIER"
58,BOUND CHEAPER,2006,4,"KARL BERRY, CUBA OLIVIER"
59,BOWFINGER GABLES,2006,11,KARL BERRY
60,BRANNIGAN SUNRISE,2006,13,RIP CRAWFORD
61,BREAKING HOME,2006,13,"GRACE MOSTEL, HELEN VOIGHT, WOODY HOFFMAN"
62,BROTHERHOOD BLANKET,2006,6,FRED COSTNER
63,BUCKET BROTHERHOOD,2006,16,"RIP CRAWFORD, TIM HACKMAN"
64,BULL SHAWSHANK,2006,1,"NICK WAHLBERG, SANDRA KILMER, ALEC WAYNE"
65,BULWORTH COMMANDMENTS,2006,10,PENELOPE GUINESS
66,BUNCH MINDS,2006,7,"KARL BERRY, WOODY HOFFMAN"
67,BUTCH PANTHER,2006,13,CUBA OLIVIER
68,CABIN FLASH,2006,3,"UMA WOOD, ALEC WAYNE"
69,CADDYSHACK JEDI,2006,1,"ED CHASE, ELVIS MARX, TOM MCKELLEN"
70,CALENDAR GUNFIGHT,2006,9,"BETTE NICHOLSON, CAMERON STREEP, TIM HACKMAN, MILLA PECK"
71,CAMPUS REMEMBER,2006,1,MATTHEW JOHANSSON
72,CANDIDATE PERDITION,2006,4,SANDRA KILMER
73,CANDLES GRAPES,2006,10,SANDRA KILMER
74,CANYON STOCK,2006,2,"ZERO CAGE, VAL BOLGER"
75,CAPER MOTIONS,2006,5,"HELEN VOIGHT, AUDREY OLIVIER, VAL BOLGER"
76,CAROL TEXAS,2006,2,FRED COSTNER
77,CARRIE BUNCH,2006,11,VAL BOLGER
78,CASPER DRAGONFLY,2006,3,HELEN VOIGHT
79,CASSIDY WYOMING,2006,16,"CUBA OLIVIER, SANDRA KILMER, AUDREY OLIVIER"
80,CASUALTIES ENCINO,2006,1,CAMERON STREEP
81,CAT CONEHEADS,2006,5,HELEN VOIGHT
82,CENTER DINOSAUR,2006,4,ALEC WAYNE
83,CHAINSAW UPTOWN,2006,14,NICK WAHLBERG
84,CHAMBER ITALIAN,2006,12,ALEC WAYNE
85,CHANCE RESURRECTION,2006,15,MILLA PECK
86,CHAPLIN LICENSE,2006,13,TIM HACKMAN
87,CHEAPER CLYDE,2006,14,"PENELOPE GUINESS, LUCILLE TRACY"
88,CHICKEN HELLFIGHTERS,2006,6,KIRSTEN PALTROW
89,CHINATOWN GLADIATOR,2006,13,"UMA WOOD, DAN TORN, BOB FAWCETT"
90,CHISUM BEHAVIOR,2006,8,NICK WAHLBERG
91,CHITTY LOCK,2006,7,"JOHNNY LOLLOBRIGIDA, LUCILLE TRACY, ELVIS MARX, SISSY SOBIESKI, VAL BOLGER"
92,CHOCOLAT HARRY,2006,8,"JOE SWANK, RIP CRAWFORD"
93,CHOCOLATE DUCK,2006,9,"JOE SWANK, CAMERON STREEP"
94,CIDER DESIRE,2006,6,JULIA MCQUEEN
95,CIRCUS YOUTH,2006,3,BOB FAWCETT
96,CITIZEN SHREK,2006,14,KEVIN BLOOM
97,CLASH FREDDY,2006,2,"UMA WOOD, VIVIEN BERGEN, HELEN VOIGHT, MILLA PECK"
98,CLEOPATRA DEVIL,2006,13,"KARL BERRY, FRED COSTNER"
99,CLONES PINOCCHIO,2006,12,MATTHEW JOHANSSON
100,CLOSER BANG,2006,5,KIRSTEN PALTROW
101,CLUB GRAFFITI,2006,2,TOM MCKELLEN
102,CLUELESS BUCKET,2006,1,UMA WOOD
103,CLYDE THEORY,2006,13,SISSY SOBIESKI
104,COAST RAINBOW,2006,6,"BETTE NICHOLSON, CAMERON STREEP, SISSY SOBIESKI"
105,COLDBLOODED DARLING,2006,14,"BETTE NICHOLSON, LUCILLE TRACY"
106,COLOR PHILADELPHIA,2006,4,PENELOPE GUINESS
107,COMANCHEROS ENEMY,2006,3,GOLDIE BRODY
108,COMMAND DARLING,2006,9,GRACE MOSTEL
109,COMMANDMENTS EXPRESS,2006,11,"JOHNNY LOLLOBRIGIDA, BURT DUKAKIS"
110,CONEHEADS SMOOCHY,2006,7,"JOHNNY LOLLOBRIGIDA, DAN TORN, JULIA MCQUEEN, ALEC WAYNE, AUDREY OLIVIER"
111,CONFESSIONS MAGUIRE,2006,7,GRACE MOSTEL
112,CONGENIALITY QUEST,2006,15,TOM MCKELLEN
113,CONNECTICUT TRAMP,2006,14,"KARL BERRY, FRED COSTNER"
114,CONNECTION MICROCOSMOS,2006,5,CAMERON STREEP
115,CONQUERER NUTS,2006,7,"MATTHEW JOHANSSON, KIRSTEN PALTROW, KEVIN BLOOM"
116,CONTROL ANTHEM,2006,5,"BOB FAWCETT, AUDREY OLIVIER"
117,COWBOY DOOM,2006,9,ED CHASE
118,CRAFT OUTFIELD,2006,7,RIP CRAWFORD
119,CRANES RESERVOIR,2006,15,VIVIEN BERGEN
120,CRAZY HOME,2006,5,SISSY SOBIESKI
121,CROOKED FROGMEN,2006,3,"JOE SWANK, CHRISTIAN GABLE"
122,CROSSROADS CASUALTIES,2006,2,BETTE NICHOLSON
123,CROW GREASE,2006,1,CAMERON STREEP
124,CROWDS TELEMARK,2006,14,MATTHEW JOHANSSON
125,CRUSADE HONEY,2006,15,TIM HACKMAN
126,CUPBOARD SINNERS,2006,6,"HELEN VOIGHT, CAMERON STREEP, TIM HACKMAN"
127,CURTAIN VIDEOTAPE,2006,10,JOE SWANK
128,CYCLONE FAMILY,2006,9,"HELEN VOIGHT, RIP CRAWFORD, JUDY DEAN"
129,DADDY PITTSBURGH,2006,5,JOHNNY LOLLOBRIGIDA
130,DAISY MENAGERIE,2006,14,"JOHNNY LOLLOBRIGIDA, UMA WOOD, GOLDIE BRODY"
131,DALMATIONS SWEDEN,2006,7,"JOE SWANK, KEVIN BLOOM, VAL BOLGER"
132,DANCES NONE,2006,1,"MATTHEW JOHANSSON, ZERO CAGE"
133,DARES PLUTO,2006,2,"KARL BERRY, BOB FAWCETT"
134,DARN FORRESTER,2006,1,"BOB FAWCETT, SANDRA KILMER"
135,DATE SPEED,2006,8,"KARL BERRY, KEVIN BLOOM"
136,DAUGHTER MADIGAN,2006,3,MILLA PECK
137,DAY UNFAITHFUL,2006,13,KARL BERRY
138,DAZED PUNK,2006,10,"GRACE MOSTEL, BOB FAWCETT"
139,DECEIVER BETRAYED,2006,7,"GRACE MOSTEL, FRED COSTNER"
140,DEEP CRUSADE,2006,6,TIM HACKMAN
141,DELIVERANCE MULHOLLAND,2006,6,FRED COSTNER
142,DESERT POSEIDON,2006,11,GOLDIE BRODY
143,DESIRE ALIEN,2006,2,TOM MCKELLEN
144,DESTINATION JERK,2006,7,"GRACE MOSTEL, RIP CRAWFORD"
145,DESTINY SATURDAY,2006,13,"NICK WAHLBERG, SANDRA KILMER, KEVIN BLOOM, ALEC WAYNE"
146,DINOSAUR SECRETARY,2006,8,"LUCILLE TRACY, BURT DUKAKIS"
147,DIRTY ACE,2006,10,VIVIEN BERGEN
148,DIVIDE MONSTER,2006,14,SANDRA KILMER
149,DIVINE RESURRECTION,2006,10,"CHRISTIAN GABLE, CUBA OLIVIER, HELEN VOIGHT"
150,DONNIE ALLEY,2006,2,"VIVIEN BERGEN, RIP CRAWFORD, TOM MCKELLEN"
151,DOOM DANCING,2006,5,CAMERON STREEP
152,DOORS PRESIDENT,2006,2,"KARL BERRY, LUCILLE TRACY"
153,DORADO NOTTING,2006,12,AUDREY OLIVIER
154,DOUBLE WRATH,2006,2,"KEVIN BLOOM, BURT DUKAKIS"
155,DRACULA CRYSTAL,2006,4,NICK WAHLBERG
156,DRAGONFLY STRANGERS,2006,13,CHRISTIAN GABLE
157,DREAM PICKUP,2006,1,MILLA PECK
158,DRIFTER COMMANDMENTS,2006,1,"VIVIEN BERGEN, KIRSTEN PALTROW, VAL BOLGER"
159,DRIVER ANNIE,2006,15,"UMA WOOD, SANDRA KILMER"
160,DRIVING POLISH,2006,12,"MATTHEW JOHANSSON, VIVIEN BERGEN"
161,DROP WATERFRONT,2006,15,"BETTE NICHOLSON, CAMERON STREEP, JUDY DEAN"
162,DRUMS DYNAMITE,2006,11,VIVIEN BERGEN
163,DUCK RACER,2006,2,WOODY HOFFMAN
164,DUDE BLINDNESS,2006,15,"SANDRA PECK, VAL BOLGER"
165,DUMBO LUST,2006,8,SANDRA PECK
166,DURHAM PANKY,2006,15,"MATTHEW JOHANSSON, WOODY HOFFMAN"
167,DYNAMITE TARZAN,2006,4,BOB FAWCETT
168,EAGLES PANKY,2006,13,FRED COSTNER
169,EARLY HOME,2006,2,DAN TORN
170,EARRING INSTINCT,2006,8,"FRED COSTNER, LUCILLE TRACY"
171,EASY GLADIATOR,2006,1,FRED COSTNER
172,EFFECT GLADIATOR,2006,8,"JULIA MCQUEEN, ALEC WAYNE"
173,EGG IGBY,2006,6,"LUCILLE TRACY, TOM MCKELLEN"
174,EGYPT TENENBAUMS,2006,11,CUBA OLIVIER
175,ELEPHANT TROJAN,2006,11,"PENELOPE GUINESS, CAMERON STREEP, VAL BOLGER"
176,ELIZABETH SHANE,2006,15,DAN TORN
177,EMPIRE MALKOVICH,2006,3,"CUBA OLIVIER, FRED COSTNER, HELEN VOIGHT, DAN TORN"
178,ENCINO ELF,2006,10,"ZERO CAGE, KIRSTEN PALTROW"
179,ENCOUNTERS CURTAIN,2006,7,ALEC WAYNE
180,ENDING CROWDS,2006,13,"ZERO CAGE, BURT DUKAKIS"
181,ENEMY ODDS,2006,12,VIVIEN BERGEN
182,ENOUGH RAGING,2006,16,"JOHNNY LOLLOBRIGIDA, SANDRA PECK"
183,ENTRAPMENT SATISFACTION,2006,1,"FRED COSTNER, WOODY HOFFMAN"
184,ESCAPE METROPOLIS,2006,16,JOHNNY LOLLOBRIGIDA
185,EVE RESURRECTION,2006,13,ED CHASE
186,EVERYONE CRAFT,2006,9,GOLDIE BRODY
187,EVOLUTION ALTER,2006,15,ELVIS MARX
188,EXCITEMENT EVE,2006,1,"GRACE MOSTEL, VIVIEN BERGEN, SANDRA PECK"
189,EXORCIST STING,2006,15,GOLDIE BRODY
190,EXPECATIONS NATURAL,2006,16,ELVIS MARX
191,EXPRESS LONELY,2006,14,ALEC WAYNE
192,FACTORY DRAGON,2006,16,SISSY SOBIESKI
193,FAMILY SWEET,2006,11,SANDRA PECK
194,FATAL HAUNTED,2006,13,MILLA PECK
195,FEATHERS METAL,2006,10,MILLA PECK
196,FERRIS MOTHER,2006,5,SISSY SOBIESKI
197,FEUD FROGMEN,2006,8,TIM HACKMAN
198,FEVER EMPIRE,2006,10,HELEN VOIGHT
199,FICTION CHRISTMAS,2006,9,"KEVIN BLOOM, ALEC WAYNE"
200,FIDDLER LOST,2006,14,TIM HACKMAN
201,FIDELITY DEVIL,2006,11,HELEN VOIGHT
202,FIGHT JAWBREAKER,2006,2,NICK WAHLBERG
203,FIRE WOLVES,2006,10,JOHNNY LOLLOBRIGIDA
204,FIREBALL PHILADELPHIA,2006,5,VAL BOLGER
205,FIREHOUSE VIETNAM,2006,1,SANDRA PECK
206,FLASH WARS,2006,13,"NICK WAHLBERG, MATTHEW JOHANSSON, DAN TORN, KIRSTEN PALTROW, SANDRA PECK"
207,FLYING HOOK,2006,2,CUBA OLIVIER
208,FOOL MOCKINGBIRD,2006,1,RIP CRAWFORD
209,FORREST SONS,2006,1,"ED CHASE, RIP CRAWFORD"
210,FREDDY STORM,2006,11,JULIA MCQUEEN
211,FREEDOM CLEOPATRA,2006,5,"CAMERON STREEP, ALEC WAYNE, TOM MCKELLEN"
212,FRENCH HOLIDAY,2006,6,"ED CHASE, AUDREY OLIVIER"
213,FRIDA SLIPPER,2006,9,UMA WOOD
214,FRISCO FORREST,2006,14,TOM MCKELLEN
215,FRONTIER CABIN,2006,13,"JOHNNY LOLLOBRIGIDA, RIP CRAWFORD"
216,FROST HEAD,2006,4,ED CHASE
217,FUGITIVE MAGUIRE,2006,16,"CUBA OLIVIER, ALEC WAYNE"
218,FURY MURDER,2006,3,KARL BERRY
219,GABLES METROPOLIS,2006,8,"FRED COSTNER, RIP CRAWFORD"
220,GALAXY SWEETHEARTS,2006,4,UMA WOOD
221,GAMES BOWFINGER,2006,16,JULIA MCQUEEN
222,GANDHI KWAI,2006,8,"ZERO CAGE, LUCILLE TRACY"
223,GANGS PRIDE,2006,2,ELVIS MARX
224,GASLIGHT CRUSADE,2006,11,GRACE MOSTEL
225,GENTLEMEN STAGE,2006,9,TOM MCKELLEN
226,GHOSTBUSTERS ELF,2006,2,JENNIFER DAVIS
227,GILBERT PELICAN,2006,4,"NICK WAHLBERG, SANDRA PECK"
228,GILMORE BOILED,2006,4,WOODY HOFFMAN
229,GLADIATOR WESTWARD,2006,8,JULIA MCQUEEN
230,GLEAMING JAWBREAKER,2006,15,PENELOPE GUINESS
231,GODFATHER DIARY,2006,13,ZERO CAGE
232,GOLDFINGER SENSIBILITY,2006,7,"CHRISTIAN GABLE, LUCILLE TRACY"
233,GOLDMINE TYCOON,2006,14,SANDRA KILMER
234,GONE TROUBLE,2006,7,SISSY SOBIESKI
235,GOODFELLAS SALUTE,2006,14,"NICK WAHLBERG, JOHNNY LOLLOBRIGIDA, ELVIS MARX"
236,GORGEOUS BINGO,2006,3,"VIVIEN BERGEN, SANDRA KILMER"
237,GRAIL FRANKENSTEIN,2006,1,JOHNNY LOLLOBRIGIDA
238,GREATEST NORTH,2006,12,HELEN VOIGHT
239,GREEDY ROOTS,2006,7,JENNIFER DAVIS
240,GREEK EVERYONE,2006,9,"SISSY SOBIESKI, BURT DUKAKIS"
241,GRINCH MASSAGE,2006,10,"UMA WOOD, BURT DUKAKIS"
242,GROOVE FICTION,2006,15,JOHNNY LOLLOBRIGIDA
243,GROUNDHOG UNCUT,2006,5,UMA WOOD
244,GUMP DATE,2006,16,DAN TORN
245,GUN BONNIE,2006,10,BURT DUKAKIS
246,GUNFIGHTER MUSSOLINI,2006,15,"AUDREY OLIVIER, JUDY DEAN"
247,GUYS FALCON,2006,14,"RIP CRAWFORD, BURT DUKAKIS"
248,HALL CASSIDY,2006,3,"JOHNNY LOLLOBRIGIDA, RIP CRAWFORD"
249,HALLOWEEN NUTS,2006,6,"ED CHASE, AUDREY OLIVIER"
250,HANDICAP BOONDOCK,2006,1,ZERO CAGE
251,HANGING DEEP,2006,7,MATTHEW JOHANSSON
252,HANOVER GALAXY,2006,12,"JENNIFER DAVIS, KIRSTEN PALTROW, JULIA MCQUEEN"
253,HAPPINESS UNITED,2006,9,NICK WAHLBERG
254,HARDLY ROBBERS,2006,6,KARL BERRY
255,HAROLD FRENCH,2006,7,TIM HACKMAN
256,HATE HANDICAP,2006,5,"BOB FAWCETT, KEVIN BLOOM"
257,HAUNTED ANTITRUST,2006,16,CAMERON STREEP
258,HEAVEN FREEDOM,2006,5,BURT DUKAKIS
259,HEAVENLY GUN,2006,12,"JOHNNY LOLLOBRIGIDA, KEVIN BLOOM"
260,HELLFIGHTERS SIERRA,2006,9,"GRACE MOSTEL, CUBA OLIVIER, SANDRA KILMER"
261,HIGH ENCINO,2006,11,"VIVIEN BERGEN, JULIA MCQUEEN"
262,HIGHBALL POTTER,2006,9,KARL BERRY
263,HILLS NEIGHBORS,2006,1,VIVIEN BERGEN
264,HOBBIT ALIEN,2006,7,"VIVIEN BERGEN, ELVIS MARX"
265,HOCUS FRIDA,2006,8,SANDRA KILMER
266,HOLES BRANNIGAN,2006,15,"KARL BERRY, KEVIN BLOOM"
267,HOME PITY,2006,12,"KIRSTEN PALTROW, BURT DUKAKIS"
268,HOMEWARD CIDER,2006,6,"UMA WOOD, TIM HACKMAN, BURT DUKAKIS"
269,HOMICIDE PEACH,2006,8,BOB FAWCETT
270,HONEY TIES,2006,15,"ZERO CAGE, KIRSTEN PALTROW"
271,HOOK CHARIOTS,2006,2,ELVIS MARX
272,HOOSIERS BIRDCAGE,2006,9,"SISSY SOBIESKI, TIM HACKMAN"
273,HORN WORKING,2006,2,ZERO CAGE
274,HORROR REIGN,2006,16,JOE SWANK
275,HOTEL HAPPINESS,2006,9,SANDRA KILMER
276,HOURS RAGE,2006,13,ALEC WAYNE
277,HUMAN GRAFFITI,2006,10,"PENELOPE GUINESS, FRED COSTNER, AUDREY OLIVIER"
278,HUNTER ALTER,2006,6,ED CHASE
279,HUSTLER PARTY,2006,5,ALEC WAYNE
280,HYDE DOCTOR,2006,4,"CUBA OLIVIER, LUCILLE TRACY"
281,IDAHO LOVE,2006,13,TOM MCKELLEN
282,IDENTITY LOVER,2006,14,"SANDRA KILMER, ALEC WAYNE"
283,IDOLS SNATCHERS,2006,3,TOM MCKELLEN
284,IGBY MAKER,2006,16,BETTE NICHOLSON
285,IMAGE PRINCESS,2006,15,"ED CHASE, ZERO CAGE, FRED COSTNER, BURT DUKAKIS"
286,IMPACT ALADDIN,2006,12,VIVIEN BERGEN
287,IMPOSSIBLE PREJUDICE,2006,9,FRED COSTNER
288,INCH JET,2006,2,"UMA WOOD, FRED COSTNER"
289,INDEPENDENCE HOTEL,2006,6,"KARL BERRY, HELEN VOIGHT"
290,INDIAN LOVE,2006,8,"NICK WAHLBERG, MATTHEW JOHANSSON, TOM MCKELLEN"
291,INNOCENT USUAL,2006,9,DAN TORN
292,INSIDER ARIZONA,2006,12,"DAN TORN, JULIA MCQUEEN, ALEC WAYNE"
293,INSTINCT AIRPORT,2006,15,"JENNIFER DAVIS, GRACE MOSTEL, CAMERON STREEP"
294,INTOLERABLE INTENTIONS,2006,6,BURT DUKAKIS
295,INTRIGUE WORST,2006,9,VAL BOLGER
296,IRON MOON,2006,4,HELEN VOIGHT
297,ITALIAN AFRICAN,2006,16,VIVIEN BERGEN
298,JACKET FRISCO,2006,7,"BOB FAWCETT, MILLA PECK"
299,JAPANESE RUN,2006,11,VIVIEN BERGEN
300,JAWBREAKER BROOKLYN,2006,12,"CHRISTIAN GABLE, JULIA MCQUEEN, VAL BOLGER"
301,JAWS HARRY,2006,5,"HELEN VOIGHT, LUCILLE TRACY"
302,JEEPERS WEDDING,2006,4,"ED CHASE, CHRISTIAN GABLE"
303,JEKYLL FROGMEN,2006,13,NICK WAHLBERG
304,JEOPARDY ENCINO,2006,4,ALEC WAYNE
305,JERICHO MULAN,2006,10,ELVIS MARX
306,JERK PAYCHECK,2006,4,"DAN TORN, BURT DUKAKIS"
307,JERSEY SASSY,2006,3,"NICK WAHLBERG, ZERO CAGE, VAL BOLGER"
308,JOON NORTHWEST,2006,15,ALEC WAYNE
309,JUGGLER HARDLY,2006,2,MILLA PECK
310,JUMANJI BLADE,2006,13,"JENNIFER DAVIS, BOB FAWCETT"
311,JUMPING WRATH,2006,3,"ELVIS MARX, SANDRA KILMER"
312,JUNGLE CLOSER,2006,13,LUCILLE TRACY
313,KANE EXORCIST,2006,9,"AUDREY OLIVIER, BURT DUKAKIS"
314,KENTUCKIAN GIANT,2006,11,"VIVIEN BERGEN, ELVIS MARX"
315,KILL BROTHERHOOD,2006,6,KIRSTEN PALTROW
316,KING EVOLUTION,2006,8,"PENELOPE GUINESS, LUCILLE TRACY, BURT DUKAKIS"
317,KISS GLORY,2006,9,"CUBA OLIVIER, HELEN VOIGHT, JULIA MCQUEEN"
318,KISSING DOLLS,2006,1,TOM MCKELLEN
319,KNOCK WARLOCK,2006,5,"CUBA OLIVIER, WOODY HOFFMAN, AUDREY OLIVIER"
320,KRAMER CHOCOLATE,2006,15,"JOHNNY LOLLOBRIGIDA, BETTE NICHOLSON, FRED COSTNER, JULIA MCQUEEN"
321,LADY STAGE,2006,11,PENELOPE GUINESS
322,LADYBUGS ARMAGEDDON,2006,10,KIRSTEN PALTROW
323,LAMBS CINCINATTI,2006,10,"WOODY HOFFMAN, VAL BOLGER"
324,LANGUAGE COWBOY,2006,3,"PENELOPE GUINESS, BETTE NICHOLSON"
325,LAWLESS VISION,2006,2,"JOE SWANK, BOB FAWCETT"
326,LEATHERNECKS DWARFS,2006,16,"KARL BERRY, UMA WOOD, BOB FAWCETT"
327,LEBOWSKI SOLDIERS,2006,7,JOE SWANK
328,LEGALLY SECRETARY,2006,3,"UMA WOOD, HELEN VOIGHT, CAMERON STREEP"
329,LEGEND JEDI,2006,12,TOM MCKELLEN
330,LESSON CLEOPATRA,2006,15,BETTE NICHOLSON
331,LIAISONS SWEET,2006,16,NICK WAHLBERG
332,LIBERTY MAGNIFICENT,2006,15,"BETTE NICHOLSON, ALEC WAYNE"
333,LIES TREATMENT,2006,7,HELEN VOIGHT
334,LIFE TWISTED,2006,5,"CHRISTIAN GABLE, UMA WOOD"
335,LIGHTS DEER,2006,4,"MATTHEW JOHANSSON, TIM HACKMAN"
336,LION UNCUT,2006,5,UMA WOOD
337,LOATHING LEGALLY,2006,4,AUDREY OLIVIER
338,LOLA AGENT,2006,11,LUCILLE TRACY
339,LOLITA WORLD,2006,8,UMA WOOD
340,LONELY ELEPHANT,2006,5,"RIP CRAWFORD, VAL BOLGER"
341,LORD ARIZONA,2006,1,"CHRISTIAN GABLE, KIRSTEN PALTROW"
342,LOSE INCH,2006,9,LUCILLE TRACY
343,LOSER HUSTLER,2006,15,"MATTHEW JOHANSSON, ZERO CAGE, WOODY HOFFMAN"
344,LOVE SUICIDES,2006,11,JOHNNY LOLLOBRIGIDA
345,LOVELY JINGLE,2006,4,"VIVIEN BERGEN, DAN TORN, ELVIS MARX, SANDRA KILMER"
346,LOVER TRUMAN,2006,4,VIVIEN BERGEN
347,LOVERBOY ATTACKS,2006,13,"LUCILLE TRACY, KEVIN BLOOM"
348,LUCK OPUS,2006,7,ED CHASE
349,LUCKY FLYING,2006,12,"NICK WAHLBERG, KARL BERRY, JULIA MCQUEEN"
350,LUKE MUMMY,2006,2,CUBA OLIVIER
351,MADISON TRAP,2006,6,RIP CRAWFORD
352,MAGIC MALLRATS,2006,3,"ALEC WAYNE, TOM MCKELLEN"
353,MAGNIFICENT CHITTY,2006,4,FRED COSTNER
354,MAGNOLIA FORRESTER,2006,1,SANDRA KILMER
355,MAGUIRE APACHE,2006,8,NICK WAHLBERG
356,MAIDEN HOME,2006,13,WOODY HOFFMAN
357,MAJESTIC FLOATS,2006,6,JOE SWANK
358,MAKER GABLES,2006,3,"CUBA OLIVIER, VAL BOLGER"
359,MALKOVICH PET,2006,4,"GRACE MOSTEL, MATTHEW JOHANSSON"
360,MALLRATS UNITED,2006,5,"NICK WAHLBERG, VAL BOLGER"
361,MASK PEACH,2006,13,"NICK WAHLBERG, DAN TORN"
362,MASSAGE IMAGE,2006,2,"KEVIN BLOOM, RIP CRAWFORD"
363,MATRIX SNOWMAN,2006,9,SANDRA PECK
364,MEET CHOCOLATE,2006,9,"ZERO CAGE, TIM HACKMAN"
365,MENAGERIE RUSHMORE,2006,2,BURT DUKAKIS
366,METAL ARMAGEDDON,2006,6,"JOHNNY LOLLOBRIGIDA, UMA WOOD"
367,METROPOLIS COMA,2006,14,VAL BOLGER
368,MICROCOSMOS PARADISE,2006,3,HELEN VOIGHT
369,MIDNIGHT WESTWARD,2006,1,"WOODY HOFFMAN, MILLA PECK"
370,MIRACLE VIRTUAL,2006,2,FRED COSTNER
371,MISSION ZOOLANDER,2006,2,"FRED COSTNER, KEVIN BLOOM, TOM MCKELLEN"
372,MOB DUFFEL,2006,7,"CAMERON STREEP, SISSY SOBIESKI, TIM HACKMAN"
373,MOCKINGBIRD HOLLYWOOD,2006,1,JULIA MCQUEEN
374,MOD SECRETARY,2006,6,"CHRISTIAN GABLE, ZERO CAGE"
375,MODEL FISH,2006,3,"UMA WOOD, VAL BOLGER"
376,MODERN DORADO,2006,6,"LUCILLE TRACY, JUDY DEAN"
377,MONEY HAROLD,2006,13,"ALEC WAYNE, BURT DUKAKIS"
378,MONTEREY LABYRINTH,2006,11,"KARL BERRY, JULIA MCQUEEN"
379,MONTEZUMA COMMAND,2006,1,CUBA OLIVIER
380,MOONWALKER FOOL,2006,10,"ZERO CAGE, UMA WOOD, WOODY HOFFMAN"
381,MOTIONS DETAILS,2006,11,"UMA WOOD, ELVIS MARX, BURT DUKAKIS"
382,MOVIE SHAKESPEARE,2006,8,"HELEN VOIGHT, CAMERON STREEP"
383,MULHOLLAND BEAST,2006,9,"PENELOPE GUINESS, BETTE NICHOLSON"
384,MUMMY CREATURES,2006,15,"HELEN VOIGHT, KEVIN BLOOM, TIM HACKMAN"
385,MUSSOLINI SPOILERS,2006,15,"VIVIEN BERGEN, DAN TORN, JUDY DEAN"
386,NASH CHOCOLAT,2006,2,JUDY DEAN
387,NATIONAL STORY,2006,6,JENNIFER DAVIS
388,NECKLACE OUTBREAK,2006,7,"ED CHASE, GRACE MOSTEL, MILLA PECK, TOM MCKELLEN"
389,NEIGHBORS CHARADE,2006,15,"WOODY HOFFMAN, TOM MCKELLEN"
390,NONE SPIKING,2006,14,WOODY HOFFMAN
391,NOON PAPI,2006,3,CUBA OLIVIER
392,NOVOCAINE FLIGHT,2006,15,KARL BERRY
393,OCTOBER SUBMARINE,2006,4,GRACE MOSTEL
394,ODDS BOOGIE,2006,8,ELVIS MARX
395,OKLAHOMA JUMANJI,2006,13,"PENELOPE GUINESS, JENNIFER DAVIS, KARL BERRY, CUBA OLIVIER, RIP CRAWFORD"
396,OLEANDER CLUE,2006,12,"ZERO CAGE, SANDRA KILMER"
397,OPEN AFRICAN,2006,14,"GRACE MOSTEL, JULIA MCQUEEN, SISSY SOBIESKI"
398,ORIENT CLOSER,2006,7,LUCILLE TRACY
399,OSCAR GOLD,2006,2,"BOB FAWCETT, RIP CRAWFORD"
400,OUTBREAK DIVINE,2006,10,ALEC WAYNE
401,OUTLAW HANKY,2006,16,ELVIS MARX
402,OZ LIAISONS,2006,2,SANDRA KILMER
403,PACIFIC AMISTAD,2006,6,"JOHNNY LOLLOBRIGIDA, JOE SWANK"
404,PACKER MADIGAN,2006,2,TIM HACKMAN
405,PAJAMA JAWBREAKER,2006,4,"LUCILLE TRACY, WOODY HOFFMAN"
406,PANIC CLUB,2006,11,CAMERON STREEP
407,PATHS CONTROL,2006,7,VAL BOLGER
408,PATIENT SISTER,2006,4,"LUCILLE TRACY, VAL BOLGER"
409,PATTON INTERVIEW,2006,11,JOHNNY LOLLOBRIGIDA
410,PEACH INNOCENT,2006,15,"TIM HACKMAN, MILLA PECK"
411,PEAK FOREVER,2006,15,AUDREY OLIVIER
412,PEARL DESTINY,2006,9,TIM HACKMAN
413,PELICAN COMFORTS,2006,6,BOB FAWCETT
414,PERDITION FARGO,2006,15,JOE SWANK
415,PERFECT GROOVE,2006,5,KARL BERRY
416,PERSONAL LADYBUGS,2006,12,"BOB FAWCETT, SANDRA KILMER"
417,PILOT HOOSIERS,2006,8,"JULIA MCQUEEN, WOODY HOFFMAN"
418,PINOCCHIO SIMON,2006,5,KIRSTEN PALTROW
419,PITTSBURGH HUNCHBACK,2006,8,"RIP CRAWFORD, JULIA MCQUEEN"
420,PLATOON INSTINCT,2006,13,ED CHASE
421,PLUTO OLEANDER,2006,13,KIRSTEN PALTROW
422,POCUS PULP,2006,6,JOHNNY LOLLOBRIGIDA
423,POLISH BROOKLYN,2006,3,"VIVIEN BERGEN, ELVIS MARX, KEVIN BLOOM, RIP CRAWFORD"
424,POSEIDON FOREVER,2006,15,"JENNIFER DAVIS, GRACE MOSTEL, SANDRA KILMER"
425,POTLUCK MIXED,2006,2,BETTE NICHOLSON
426,PREJUDICE OLEANDER,2006,4,"CHRISTIAN GABLE, MILLA PECK, VAL BOLGER"
427,PRESIDENT BANG,2006,8,JULIA MCQUEEN
428,PRIMARY GLASS,2006,1,"JOE SWANK, KEVIN BLOOM, VAL BOLGER"
429,PRIX UNDEFEATED,2006,8,"KIRSTEN PALTROW, SISSY SOBIESKI"
430,PULP BEVERLY,2006,11,KIRSTEN PALTROW
431,PUNK DIVORCE,2006,2,CHRISTIAN GABLE
432,PURE RUNNER,2006,5,CAMERON STREEP
433,PURPLE MOVIE,2006,9,TOM MCKELLEN
434,QUEST MUSSOLINI,2006,1,JUDY DEAN
435,RACER EGG,2006,7,ZERO CAGE
436,RAGING AIRPLANE,2006,14,BOB FAWCETT
437,RAIDERS ANTITRUST,2006,6,"JENNIFER DAVIS, MILLA PECK"
438,RANDOM GO,2006,14,"JENNIFER DAVIS, LUCILLE TRACY, BURT DUKAKIS"
439,RANGE MOONWALKER,2006,8,"RIP CRAWFORD, BURT DUKAKIS"
440,REAP UNFAITHFUL,2006,11,"CHRISTIAN GABLE, KARL BERRY, BURT DUKAKIS"
441,REAR TRADING,2006,1,"FRED COSTNER, DAN TORN, LUCILLE TRACY"
442,REBEL AIRPORT,2006,12,UMA WOOD
443,REDEMPTION COMFORTS,2006,13,AUDREY OLIVIER
444,REDS POCUS,2006,12,JENNIFER DAVIS
445,REEF SALUTE,2006,11,JOE SWANK
446,REIGN GENTLEMEN,2006,14,ALEC WAYNE
447,REUNION WITCHES,2006,7,KARL BERRY
448,RIDER CADDYSHACK,2006,15,UMA WOOD
449,RIDGEMONT SUBMARINE,2006,13,JOHNNY LOLLOBRIGIDA
450,RIGHT CRANES,2006,4,"ELVIS MARX, BURT DUKAKIS"
451,RINGS HEARTBREAKERS,2006,1,"JOHNNY LOLLOBRIGIDA, RIP CRAWFORD, SANDRA PECK, JUDY DEAN"
452,RIVER OUTLAW,2006,15,KIRSTEN PALTROW
453,ROAD ROXANNE,2006,6,"HELEN VOIGHT, KIRSTEN PALTROW"
454,ROBBERS JOON,2006,3,MILLA PECK
455,ROCK INSTINCT,2006,11,MILLA PECK
456,ROCKETEER MOTHER,2006,9,JUDY DEAN
457,ROCKY WAR,2006,7,SISSY SOBIESKI
458,ROOF CHAMPION,2006,10,"NICK WAHLBERG, ELVIS MARX"
459,ROOM ROMAN,2006,2,WOODY HOFFMAN
460,ROSES TREASURE,2006,15,CUBA OLIVIER
461,RUGRATS SHAKESPEARE,2006,1,JUDY DEAN
462,RULES HUMAN,2006,11,PENELOPE GUINESS
463,RUN PACIFIC,2006,13,BOB FAWCETT
464,RUNNER MADIGAN,2006,12,"MATTHEW JOHANSSON, JOE SWANK, BOB FAWCETT"
465,RUSHMORE MERMAID,2006,5,"NICK WAHLBERG, MILLA PECK"
466,SABRINA MIDNIGHT,2006,3,KEVIN BLOOM
467,SADDLE ANTITRUST,2006,5,BOB FAWCETT
468,SAGEBRUSH CLUELESS,2006,6,LUCILLE TRACY
469,SAINTS BRIDE,2006,7,"GRACE MOSTEL, FRED COSTNER, RIP CRAWFORD"
470,SALUTE APOLLO,2006,13,VIVIEN BERGEN
471,SATURDAY LAMBS,2006,15,"VIVIEN BERGEN, RIP CRAWFORD"
472,SAVANNAH TOWN,2006,7,"GRACE MOSTEL, SANDRA KILMER"
473,SCHOOL JACKET,2006,9,MATTHEW JOHANSSON
474,SCISSORHANDS SLUMS,2006,9,"GRACE MOSTEL, HELEN VOIGHT"
475,SCORPION APOLLO,2006,7,"MATTHEW JOHANSSON, BOB FAWCETT, JULIA MCQUEEN"
476,SEATTLE EXPECATIONS,2006,7,"ELVIS MARX, MILLA PECK"
477,SENSE GREEK,2006,15,"FRED COSTNER, AUDREY OLIVIER"
478,SEVEN SWARM,2006,10,CAMERON STREEP
479,SHAKESPEARE SADDLE,2006,15,"CHRISTIAN GABLE, SANDRA KILMER"
480,SHANE DARKNESS,2006,16,CUBA OLIVIER
481,SHANGHAI TYCOON,2006,16,LUCILLE TRACY
482,SHAWSHANK BUBBLE,2006,16,"BOB FAWCETT, VAL BOLGER"
483,SHIP WONDERLAND,2006,6,AUDREY OLIVIER
484,SHOOTIST SUPERFLY,2006,7,WOODY HOFFMAN
485,SHRUNK DIVINE,2006,1,"WOODY HOFFMAN, SISSY SOBIESKI, TOM MCKELLEN"
486,SIDE ARK,2006,1,"HELEN VOIGHT, AUDREY OLIVIER"
487,SIEGE MADRE,2006,8,"CUBA OLIVIER, RIP CRAWFORD"
488,SILENCE KANE,2006,12,SANDRA PECK
489,SILVERADO GOLDFINGER,2006,14,"JENNIFER DAVIS, KIRSTEN PALTROW"
490,SINNERS ATLANTIS,2006,11,HELEN VOIGHT
491,SKY MIRACLE,2006,1,"ELVIS MARX, SISSY SOBIESKI"
492,SLEEPING SUSPECTS,2006,11,"KIRSTEN PALTROW, SANDRA KILMER"
493,SLEEPLESS MONSOON,2006,2,"GRACE MOSTEL, JULIA MCQUEEN"
494,SLEEPY JAPANESE,2006,13,GRACE MOSTEL
495,SLING LUKE,2006,4,DAN TORN
496,SMILE EARRING,2006,16,"NICK WAHLBERG, JOHNNY LOLLOBRIGIDA, JOE SWANK"
497,SMOKING BARBARELLA,2006,6,"KARL BERRY, ALEC WAYNE"
498,SNATCHERS MONTEZUMA,2006,4,"JOE SWANK, TIM HACKMAN"
499,SNOWMAN ROLLERCOASTER,2006,2,"UMA WOOD, WOODY HOFFMAN"
500,SOLDIERS EVOLUTION,2006,14,"JOHNNY LOLLOBRIGIDA, UMA WOOD, CUBA OLIVIER, JUDY DEAN"
501,SONS INTERVIEW,2006,2,SANDRA KILMER
502,SORORITY QUEEN,2006,9,RIP CRAWFORD
503,SPEED SUIT,2006,16,"BETTE NICHOLSON, SANDRA KILMER"
504,SPICE SORORITY,2006,7,"ED CHASE, WOODY HOFFMAN, TOM MCKELLEN"
505,SPINAL ROCKY,2006,8,CAMERON STREEP
506,SPIRIT FLINTSTONES,2006,11,JULIA MCQUEEN
507,SPLASH GUMP,2006,8,"PENELOPE GUINESS, JENNIFER DAVIS, UMA WOOD, CAMERON STREEP"
508,SPLENDOR PATTON,2006,3,"UMA WOOD, SANDRA KILMER"
509,SPY MILE,2006,10,WOODY HOFFMAN
510,SQUAD FISH,2006,15,AUDREY OLIVIER
511,STAGECOACH ARMAGEDDON,2006,1,"KARL BERRY, SANDRA PECK"
512,STALLION SUNDANCE,2006,14,"VAL BOLGER, TOM MCKELLEN"
513,STAMPEDE DISTURBING,2006,10,VAL BOLGER
514,STAR OPERATION,2006,15,JOHNNY LOLLOBRIGIDA
515,STATE WASTELAND,2006,10,"DAN TORN, SANDRA KILMER"
516,STEEL SANTA,2006,4,UMA WOOD
517,STING PERSONAL,2006,13,"GRACE MOSTEL, AUDREY OLIVIER"
518,STOCK GLASS,2006,13,VIVIEN BERGEN
519,STORY SIDE,2006,1,ZERO CAGE
520,STRANGER STRANGERS,2006,3,"HELEN VOIGHT, SANDRA KILMER, AUDREY OLIVIER, VAL BOLGER, TOM MCKELLEN"
521,STRANGERS GRAFFITI,2006,11,"ZERO CAGE, JULIA MCQUEEN"
522,STREAK RIDGEMONT,2006,6,SANDRA KILMER
523,STREETCAR INTENTIONS,2006,11,"VIVIEN BERGEN, SANDRA KILMER"
524,SUBMARINE BED,2006,5,JENNIFER DAVIS
525,SUGAR WONKA,2006,2,MATTHEW JOHANSSON
526,SUMMER SCARFACE,2006,4,ALEC WAYNE
527,SUN CONFESSIONS,2006,14,"DAN TORN, LUCILLE TRACY"
528,SUNRISE LEAGUE,2006,2,"JOHNNY LOLLOBRIGIDA, JOE SWANK"
529,SWEDEN SHINING,2006,5,"KARL BERRY, KEVIN BLOOM"
530,SWEETHEARTS SUSPECTS,2006,3,"JOE SWANK, HELEN VOIGHT, JULIA MCQUEEN"
531,TADPOLE PARK,2006,4,HELEN VOIGHT
532,TALENTED HOMICIDE,2006,15,BURT DUKAKIS
533,TARZAN VIDEOTAPE,2006,11,TOM MCKELLEN
534,TAXI KICK,2006,12,BOB FAWCETT
535,TEEN APOLLO,2006,16,MILLA PECK
536,TELEGRAPH VOYAGE,2006,12,WOODY HOFFMAN
537,TELEMARK HEARTBREAKERS,2006,2,"KARL BERRY, HELEN VOIGHT, JULIA MCQUEEN, SISSY SOBIESKI"
538,TEMPLE ATTRACTION,2006,11,MILLA PECK
539,TEQUILA PAST,2006,3,DAN TORN
540,TEXAS WATCH,2006,11,RIP CRAWFORD
541,THEORY MERMAID,2006,2,"CUBA OLIVIER, FRED COSTNER"
542,THIEF PELICAN,2006,2,KIRSTEN PALTROW
543,THIN SAGEBRUSH,2006,6,ZERO CAGE
544,TIES HUNGER,2006,3,"JOE SWANK, JULIA MCQUEEN"
545,TIGHTS DAWN,2006,15,VIVIEN BERGEN
546,TITANIC BOONDOCK,2006,2,BETTE NICHOLSON
547,TITANS JERK,2006,14,KIRSTEN PALTROW
548,TOMORROW HUSTLER,2006,4,MATTHEW JOHANSSON
549,TOOTSIE PILOT,2006,3,ZERO CAGE
550,TORQUE BOUND,2006,7,UMA WOOD
551,TOWN ARK,2006,9,"GRACE MOSTEL, VAL BOLGER"
552,TRACY CIDER,2006,2,GRACE MOSTEL
553,TRADING PINOCCHIO,2006,15,BETTE NICHOLSON
554,TRAFFIC HOBBIT,2006,16,JOE SWANK
555,TRAIN BUNCH,2006,11,"RIP CRAWFORD, JULIA MCQUEEN"
556,TRAMP OTHERS,2006,5,RIP CRAWFORD
557,TRAP GUYS,2006,9,"VIVIEN BERGEN, WOODY HOFFMAN"
558,TREASURE COMMAND,2006,11,JENNIFER DAVIS
559,TREATMENT JEKYLL,2006,7,GRACE MOSTEL
560,TROJAN TOMORROW,2006,14,ELVIS MARX
561,TROUBLE DATE,2006,16,"CHRISTIAN GABLE, KEVIN BLOOM, JUDY DEAN"
562,TRUMAN CRAZY,2006,1,BURT DUKAKIS
563,TUXEDO MILE,2006,15,DAN TORN
564,TYCOON GATHERING,2006,10,VIVIEN BERGEN
565,UNBREAKABLE KARATE,2006,13,KIRSTEN PALTROW
566,UNFORGIVEN ZOOLANDER,2006,14,"JENNIFER DAVIS, CUBA OLIVIER"
567,UNITED PILOT,2006,6,VAL BOLGER
568,UNTOUCHABLES SUNRISE,2006,6,JOE SWANK
569,UPTOWN YOUNG,2006,3,"ZERO CAGE, ALEC WAYNE, TIM HACKMAN"
570,USUAL UNTOUCHABLES,2006,9,"CHRISTIAN GABLE, AUDREY OLIVIER"
571,VACATION BOONDOCK,2006,14,CHRISTIAN GABLE
572,VALENTINE VANISHING,2006,16,BURT DUKAKIS
573,VANISHED GARDEN,2006,13,SANDRA KILMER
574,VANISHING ROCKY,2006,12,MATTHEW JOHANSSON
575,VELVET TERMINATOR,2006,5,ZERO CAGE
576,VERTIGO NORTHWEST,2006,5,PENELOPE GUINESS
577,VIRGIN DAISY,2006,7,"DAN TORN, ALEC WAYNE"
578,VIRGINIAN PLUTO,2006,6,"KARL BERRY, SANDRA PECK"
579,VOICE PEACH,2006,13,"VIVIEN BERGEN, HELEN VOIGHT"
580,VOLCANO TEXAS,2006,10,CUBA OLIVIER
581,VOLUME HOUSE,2006,4,AUDREY OLIVIER
582,WAIT CIDER,2006,2,WOODY HOFFMAN
583,WANDA CHAMBER,2006,10,BURT DUKAKIS
584,WAR NOTTING,2006,9,"GRACE MOSTEL, HELEN VOIGHT"
585,WARDROBE PHANTOM,2006,7,NICK WAHLBERG
586,WARLOCK WEREWOLF,2006,3,"GRACE MOSTEL, HELEN VOIGHT"
587,WASTELAND DIVINE,2006,4,LUCILLE TRACY
588,WATCH TRACY,2006,2,VAL BOLGER
589,WATERFRONT DELIVERANCE,2006,1,"JOE SWANK, CHRISTIAN GABLE, ELVIS MARX"
590,WATERSHIP FRONTIER,2006,11,MILLA PECK
591,WEDDING APOLLO,2006,6,"ED CHASE, CHRISTIAN GABLE, UMA WOOD, VAL BOLGER"
592,WEEKEND PERSONAL,2006,14,"ED CHASE, FRED COSTNER, JULIA MCQUEEN"
593,WEREWOLF LOLA,2006,1,CUBA OLIVIER
594,WEST LION,2006,7,"ZERO CAGE, CAMERON STREEP"
595,WESTWARD SEABISCUIT,2006,4,"PENELOPE GUINESS, VIVIEN BERGEN"
596,WHALE BIKINI,2006,9,"ED CHASE, AUDREY OLIVIER"
597,WHISPERER GIANT,2006,14,MILLA PECK
598,WIFE TURN,2006,6,WOODY HOFFMAN
599,WILD APOLLO,2006,13,JOE SWANK
600,WINDOW SIDE,2006,16,LUCILLE TRACY
601,WISDOM WORKER,2006,5,SISSY SOBIESKI
602,WIZARD COLDBLOODED,2006,12,"PENELOPE GUINESS, CHRISTIAN GABLE, TIM HACKMAN"
603,WOLVES DESIRE,2006,16,SANDRA KILMER
604,WON DARES,2006,12,"CHRISTIAN GABLE, KIRSTEN PALTROW"
605,WONDERLAND CHRISTMAS,2006,14,CUBA OLIVIER
606,WONKA SEA,2006,2,JULIA MCQUEEN
607,WORKER TARZAN,2006,16,ZERO CAGE
608,WORKING MICROCOSMOS,2006,16,VAL BOLGER
609,WRONG BEHAVIOR,2006,3,MILLA PECK
610,WYOMING STORM,2006,13,"BETTE NICHOLSON, WOODY HOFFMAN"
611,YOUNG LANGUAGE,2006,6,"ED CHASE, JULIA MCQUEEN"
612,YOUTH KICK,2006,12,"SANDRA KILMER, VAL BOLGER"
613,ZHIVAGO CORE,2006,11,UMA WOOD
